INSERT INTO `country` (`id`, `title`) VALUES
 (1, 'Страна 1'),
 (2, 'Страна 2'),
 (3, 'Страна 3');

INSERT INTO `city` (`id`, `title`, `country_id`) VALUES
 (1, 'Город 1', 2),
 (2, 'Город 2', 2),
 (3, 'Город 3', 1),
 (4, 'Город 4', 3);

INSERT INTO `product_category` (`id`, `title`) VALUES
  (1, 'Категория 1'),
  (2, 'Категория 2'),
  (3, 'Категория 3'),
  (4, 'Категория 4'),
  (5, 'Категория 5'),
  (6, 'Категория 6');

INSERT INTO `product` (`id`, `title`, `description`, `count`, `price`, `product_category_id`) VALUES
  (1, 'Mercedes', 'Описание1', 10, 123, 1),
  (2, 'Mercedes', 'Описание2', 11, 156.87, 2),
  (3, 'Toyota', 'Описание3', 21, 246.08, 1),
  (4, 'Таврия', 'Описание4', 11, 7, 1),
  (5, 'Запорожец', 'Описание5', 21, 90.09, 1),
  (6, 'Продукт6', 'Описание6', 2, 1.01, 2),
  (7, 'Mercedes', 'Описание7', 128, 2.04, 3),
  (8, 'Mercedes', 'Описание8', 11, 9.9, 1),
  (9, 'Продукт9', 'Описание9', 13, 100, 1),
  (10, 'Продукт10', 'Описание10', 12, 45.32, 2),
  (11, 'Продукт11', 'Описание11', 2, 872.1, 2),
  (12, 'Продукт12', 'Описание12', 12, 6.92, 3);

INSERT INTO `role` (`id`, `title`, `description`) VALUES
  (1, 'Admin', 'Администратор'),
  (2, 'User', 'Пользователь'),
  (3, 'Editor', 'Редактор');

INSERT INTO `user` (`id`, `firstname`, `lastname`, `login`, `password`, `city_id`) VALUES
  (1, 'Иван', 'Иванов', 'Ivan', 'вапрыарен8е8', 1),
  (2, 'Антон', 'Андреенко', 'Anton', ';fdlg4598', 1),
  (3, 'Сергей', 'Муншин', 'login45', 'lasdkjf098', 2),
  (4, 'Коля', 'Сидоренко', 'koliy', 'slk%*', 4),
  (7, 'Люба', 'Сванидзе', 'luba', '0-4okg', 4),
  (8, 'Галя', 'Козлович', 'galiy', '03945dpo', 2);

INSERT INTO `user_role` (`user_id`, `role_id`) VALUES
 (1, 2),
 (3, 2),
 (2, 1),
 (2, 3);

INSERT INTO `orders` (`id`, `user_id`, `product_id`, `date`) VALUES
  (1, 1, 4, '2015-08-04'),
  (2,1, 4, '2016-06-09'),
  (3, 3, 6, '2016-06-15'),
  (4, 3, 11, '2016-06-28'),
  (5, 3, 10, '2016-06-09'),
  (6, 3, 8, '2016-06-22'),
  (7, 3, 2, '2016-06-09'),
  (8, 3, 9, '2016-06-07'),
  (9, 8, 12, '2016-06-17'),
  (10,7, 10, '2016-06-16'),
  (11,4, 12, '2016-06-17');